date,kickoff_utc,league,team_home,team_away,p_home,p_draw,p_away,over_2_5,btts,mkt_home,mkt_draw,mkt_away,odds_source,logged_at,post_match,goals_home,goals_away,result
2026-08-22,2026-08-22T14:00:00+00:00,Premier League,Everton,Crystal Palace,0.3991,0.3105,0.2903,0.3804,0.4549,0.4266,0.2798,0.2936,Avg,2026-08-25T04:21:15.953947+00:00,True,2.0,0.0,H
2026-08-22,2026-08-22T14:00:00+00:00,Premier League,Ipswich,Sunderland,0.2027,0.271,0.5263,0.4547,0.4831,0.3506,0.2867,0.3627,Avg,2026-08-25T04:21:15.953947+00:00,True,2.0,1.0,H
2026-08-22,2026-08-22T14:00:00+00:00,Premier League,Nott'm Forest,Leeds,0.4505,0.2729,0.2766,0.5072,0.5501,0.415,0.2812,0.3039,Avg,2026-08-25T04:21:15.953947+00:00,True,0.0,1.0,A
2026-08-22,2026-08-22T16:30:00+00:00,Premier League,Brentford,Tottenham,0.4926,0.2421,0.2653,0.6232,0.6332,0.3825,0.2649,0.3526,Avg,2026-08-25T04:21:15.953947+00:00,True,3.0,0.0,H
2026-08-23,2026-08-23T13:00:00+00:00,Premier League,Brighton,Aston Villa,0.407,0.2659,0.3272,0.5551,0.5946,0.4292,0.2655,0.3052,Avg,2026-08-25T04:21:15.953947+00:00,True,4.0,0.0,H
2026-08-23,2026-08-23T13:00:00+00:00,Premier League,Man City,Bournemouth,0.6574,0.2058,0.1369,0.601,0.5404,0.6444,0.198,0.1576,Avg,2026-08-25T04:21:15.953947+00:00,True,2.0,1.0,H
2026-08-23,2026-08-23T15:30:00+00:00,Premier League,Newcastle,Liverpool,0.3638,0.2453,0.3908,0.6482,0.6668,0.2641,0.2449,0.491,Avg,2026-08-25T04:21:15.953947+00:00,True,2.0,2.0,D
2026-08-24,2026-08-24T19:00:00+00:00,Premier League,Fulham,Chelsea,0.3571,0.277,0.3659,0.514,0.5649,0.2558,0.249,0.4953,Avg,2026-08-25T04:21:15.953947+00:00,True,2.0,3.0,A
2026-08-21,2026-08-21T19:00:00+00:00,La Liga,Betis,Sociedad,0.5342,0.2288,0.237,0.554,0.5569,0.4602,0.2688,0.2711,Avg,2026-08-25T04:21:15.953947+00:00,True,1.0,0.0,H
2026-08-22,2026-08-22T15:00:00+00:00,La Liga,Ath Bilbao,Sevilla,0.5418,0.2424,0.2158,0.4742,0.4866,0.5528,0.264,0.1832,Avg,2026-08-25T04:21:15.953947+00:00,True,1.0,3.0,A
2026-08-22,2026-08-22T17:30:00+00:00,La Liga,Valencia,Celta,0.4117,0.2565,0.3318,0.4912,0.5328,0.4048,0.2938,0.3013,Avg,2026-08-25T04:21:15.953947+00:00,True,0.0,0.0,D
2026-08-22,2026-08-22T19:30:00+00:00,La Liga,Espanol,Real Madrid,0.1846,0.2196,0.5958,0.5278,0.5082,0.1278,0.205,0.6672,Avg,2026-08-25T04:21:15.953947+00:00,True,1.0,2.0,A
2026-08-23,2026-08-23T15:00:00+00:00,La Liga,Ath Madrid,Villarreal,0.5333,0.2158,0.2509,0.6305,0.6206,0.5043,0.2613,0.2344,Avg,2026-08-25T04:21:15.953947+00:00,True,2.0,2.0,D
2026-08-23,2026-08-23T19:30:00+00:00,La Liga,Elche,Barcelona,0.1636,0.1828,0.6536,0.6642,0.5968,0.1116,0.1711,0.7173,Avg,2026-08-25T04:21:15.953947+00:00,True,0.0,5.0,A
2026-08-24,2026-08-24T17:30:00+00:00,La Liga,Osasuna,Levante,0.4934,0.2445,0.2621,0.5079,0.5313,0.5168,0.2657,0.2175,Avg,2026-08-25T04:21:15.953947+00:00,True,0.0,0.0,D
2026-08-25,2026-08-25T19:00:00+00:00,La Liga,Valencia,Betis,0.3737,0.2594,0.3669,0.4835,0.5287,0.3405,0.2911,0.3684,Avg,2026-08-28T06:36:08.715565+00:00,True,0.0,1.0,A
2026-08-26,2026-08-26T19:00:00+00:00,La Liga,Real Madrid,Sociedad,0.7299,0.1615,0.1087,0.6325,0.5111,0.7199,0.1669,0.1132,Avg,2026-08-28T06:36:08.715565+00:00,True,4.0,1.0,H
2026-08-27,2026-08-27T18:30:00+00:00,La Liga,Celta,Osasuna,0.513,0.2427,0.2443,0.5007,0.5195,0.4798,0.2827,0.2375,Avg,2026-08-28T06:36:08.715565+00:00,True,1.0,2.0,A
2026-08-27,2026-08-27T19:00:00+00:00,La Liga,Barcelona,Ath Bilbao,0.7421,0.1552,0.1027,0.6459,0.5129,0.7133,0.1724,0.1142,Avg,2026-08-28T06:36:08.715565+00:00,True,2.0,0.0,H
2026-08-28,2026-08-28T19:00:00+00:00,Premier League,Crystal Palace,Man City,0.1804,0.2488,0.5708,0.5075,0.5085,0.1955,0.2391,0.5654,Avg,2026-08-31T16:38:52.539930+00:00,True,1.0,4.0,A
2026-08-29,2026-08-29T11:30:00+00:00,Premier League,Liverpool,Nott'm Forest,0.5707,0.2308,0.1985,0.6023,0.5895,0.6092,0.2179,0.173,Avg,2026-08-28T22:36:42.885914+00:00,False,2.0,2.0,D
2026-08-29,2026-08-29T14:00:00+00:00,Premier League,Bournemouth,Everton,0.4472,0.2873,0.2655,0.4479,0.5025,0.4513,0.2708,0.2779,Avg,2026-08-28T22:36:42.885914+00:00,False,1.0,1.0,D
2026-08-29,2026-08-29T16:30:00+00:00,Premier League,Tottenham,Newcastle,0.3469,0.2473,0.4058,0.6376,0.6581,0.4171,0.2571,0.3258,Avg,2026-08-28T22:36:42.885914+00:00,False,0.0,2.0,A
2026-08-30,2026-08-30T13:00:00+00:00,Premier League,Chelsea,Brighton,0.4436,0.2617,0.2947,0.5605,0.5939,0.5166,0.2442,0.2392,Avg,2026-08-30T09:50:27.657025+00:00,False,4.0,3.0,H
2026-08-30,2026-08-30T13:00:00+00:00,Premier League,Leeds,Brentford,0.361,0.268,0.371,0.5511,0.5934,0.3657,0.2808,0.3534,Avg,2026-08-30T09:50:27.657025+00:00,False,1.0,1.0,D
2026-08-30,2026-08-30T13:00:00+00:00,Premier League,Sunderland,Fulham,0.3813,0.3084,0.3103,0.3923,0.467,0.3929,0.2898,0.3173,Avg,2026-08-30T09:50:27.657025+00:00,False,1.0,0.0,H
2026-08-30,2026-08-30T15:30:00+00:00,Premier League,Man United,Ipswich,0.7578,0.1574,0.0848,0.6683,0.5196,0.6702,0.1947,0.1352,Avg,2026-08-30T09:50:27.657025+00:00,False,5.0,2.0,H
2026-08-31,2026-08-31T19:00:00+00:00,Premier League,Aston Villa,Arsenal,0.2138,0.2663,0.5199,0.483,0.5098,0.1563,0.2278,0.6159,Avg,2026-08-31T16:38:52.539930+00:00,False,0.0,1.0,A
2026-08-28,2026-08-28T19:30:00+00:00,La Liga,Alaves,Villarreal,0.3022,0.24,0.4577,0.5532,0.5761,0.305,0.2709,0.424,Avg,2026-08-31T16:38:52.539930+00:00,True,1.0,0.0,H
2026-08-29,2026-08-29T15:00:00+00:00,La Liga,Levante,Betis,0.358,0.2437,0.3983,0.5539,0.5834,0.2871,0.2828,0.43,Avg,2026-08-28T22:36:42.885914+00:00,False,5.0,2.0,H
2026-08-29,2026-08-29T17:00:00+00:00,La Liga,Sociedad,Espanol,0.5305,0.2386,0.2309,0.5052,0.5172,0.501,0.2587,0.2403,Avg,2026-08-28T22:36:42.885914+00:00,False,2.0,1.0,H
2026-08-29,2026-08-29T19:30:00+00:00,La Liga,Sevilla,Ath Madrid,0.2606,0.2425,0.4969,0.5152,0.5363,0.272,0.2776,0.4503,Avg,2026-08-28T22:36:42.885914+00:00,False,1.0,3.0,A
2026-08-30,2026-08-30T19:30:00+00:00,La Liga,Celta,Ath Bilbao,0.4592,0.2541,0.2867,0.4835,0.5193,0.396,0.2893,0.3147,Avg,2026-08-30T09:50:27.657025+00:00,False,0.0,2.0,A
2026-08-31,2026-08-31T17:30:00+00:00,La Liga,Osasuna,Getafe,0.4305,0.3132,0.2563,0.2825,0.3513,0.425,0.3181,0.2569,Avg,2026-08-31T16:38:52.539930+00:00,False,1.0,0.0,H
2026-08-31,2026-08-31T19:30:00+00:00,La Liga,Barcelona,Vallecano,0.7638,0.1518,0.0845,0.5996,0.4448,0.8077,0.1256,0.0667,Avg,2026-08-31T16:38:52.539930+00:00,False,5.0,2.0,H
2026-09-03,2026-09-03T19:00:00+00:00,La Liga,Sociedad,Celta,0.4533,0.2419,0.3049,0.5461,0.5713,0.4787,0.2683,0.253,Avg,2026-09-03T11:59:25.856956+00:00,False,0.0,0.0,D
2026-09-06,2026-09-06T13:00:00+00:00,Premier League,Everton FC,Manchester United FC,0.3546,0.2901,0.3553,0.4662,0.5283,,,,,2026-09-06T12:28:58.210145+00:00,False,2.0,2.0,D
2026-09-06,2026-09-06T15:30:00+00:00,Premier League,Arsenal FC,Chelsea FC,0.6415,0.2224,0.1362,0.5367,0.4933,,,,,2026-09-06T12:28:58.210145+00:00,False,2.0,1.0,H
2026-09-06,2026-09-06T14:15:00+00:00,La Liga,Valencia CF,FC Barcelona,0.1645,0.1929,0.6425,0.6215,0.5651,,,,,2026-09-06T12:28:58.210145+00:00,False,0.0,5.0,A
2026-09-06,2026-09-06T16:30:00+00:00,La Liga,Deportivo Alavés,CA Osasuna,0.4315,0.2793,0.2892,0.3962,0.4526,,,,,2026-09-06T12:28:58.210145+00:00,False,5.0,2.0,H
2026-09-06,2026-09-06T16:30:00+00:00,La Liga,Málaga CF,Levante UD,0.1301,0.2661,0.6038,0.3065,0.3,,,,,2026-09-06T12:28:58.210145+00:00,False,0.0,0.0,D
2026-09-06,2026-09-06T19:00:00+00:00,La Liga,RCD Espanyol de Barcelona,Sevilla FC,0.4609,0.2585,0.2806,0.4689,0.5076,,,,,2026-09-06T12:28:58.210145+00:00,False,1.0,1.0,D
2026-09-07,2026-09-07T17:00:00+00:00,La Liga,Getafe CF,RC Celta de Vigo,0.3664,0.3138,0.3199,0.2997,0.3769,,,,,2026-09-07T14:41:33.615446+00:00,False,1.0,1.0,D
2026-09-07,2026-09-07T19:30:00+00:00,La Liga,Elche CF,Real Sociedad de Fútbol,0.4302,0.2398,0.33,0.5727,0.5963,,,,,2026-09-07T14:41:33.615446+00:00,False,2.0,3.0,A
2026-09-12,2026-09-12T14:00:00+00:00,Premier League,Crystal Palace FC,Ipswich Town FC,0.6421,0.2143,0.1436,0.5987,0.549,,,,,2026-09-10T05:40:57.429141+00:00,False,,,
2026-09-12,2026-09-12T14:00:00+00:00,Premier League,Liverpool FC,Fulham FC,0.5918,0.2269,0.1813,0.613,0.5899,,,,,2026-09-10T05:40:57.429141+00:00,False,,,
2026-09-12,2026-09-12T14:00:00+00:00,Premier League,Aston Villa FC,Nottingham Forest FC,0.4407,0.2802,0.2791,0.5005,0.5487,,,,,2026-09-10T05:40:57.429141+00:00,False,,,
2026-09-12,2026-09-12T14:00:00+00:00,Premier League,AFC Bournemouth,Brentford FC,0.4215,0.2674,0.3111,0.5636,0.6016,,,,,2026-09-10T05:40:57.429141+00:00,False,,,
2026-09-12,2026-09-12T14:00:00+00:00,Premier League,Chelsea FC,Hull City AFC,0.1449,0.3991,0.456,0.1431,0.2046,,,,,2026-09-10T05:40:57.429141+00:00,False,,,
2026-09-12,2026-09-12T16:30:00+00:00,Premier League,Tottenham Hotspur FC,Everton FC,0.3633,0.296,0.3407,0.459,0.5245,,,,,2026-09-10T05:40:57.429141+00:00,False,,,
2026-09-12,2026-09-12T19:00:00+00:00,Premier League,Sunderland AFC,Arsenal FC,0.1491,0.2861,0.5648,0.36,0.3805,,,,,2026-09-10T05:40:57.429141+00:00,False,,,
2026-09-13,2026-09-13T13:00:00+00:00,Premier League,Coventry City FC,Brighton & Hove Albion FC,0.008,0.2625,0.7294,0.1654,0.0275,,,,,2026-09-10T05:40:57.429141+00:00,False,,,
2026-09-13,2026-09-13T15:30:00+00:00,Premier League,Manchester United FC,Manchester City FC,0.2417,0.2483,0.5099,0.5976,0.6093,,,,,2026-09-10T05:40:57.429141+00:00,False,,,
2026-09-14,2026-09-14T19:00:00+00:00,Premier League,Leeds United FC,Newcastle United FC,0.3601,0.2771,0.3628,0.5331,0.582,,,,,2026-09-10T05:40:57.429141+00:00,False,,,
2026-09-11,2026-09-11T19:00:00+00:00,La Liga,Sevilla FC,Valencia CF,0.4702,0.2593,0.2706,0.4692,0.5066,,,,,2026-09-10T05:40:57.429141+00:00,False,,,
2026-09-12,2026-09-12T12:00:00+00:00,La Liga,Real Racing Club de Santander,Deportivo Alavés,0.4517,0.2136,0.3347,0.7149,0.707,,,,,2026-09-10T05:40:57.429141+00:00,False,,,
2026-09-12,2026-09-12T14:15:00+00:00,La Liga,CA Osasuna,RCD Espanyol de Barcelona,0.4749,0.2654,0.2597,0.439,0.4801,,,,,2026-09-10T05:40:57.429141+00:00,False,,,
2026-09-12,2026-09-12T16:30:00+00:00,La Liga,Athletic Club,Elche CF,0.5729,0.2274,0.1997,0.5319,0.5236,,,,,2026-09-10T05:40:57.429141+00:00,False,,,
2026-09-12,2026-09-12T19:00:00+00:00,La Liga,Real Madrid CF,Rayo Vallecano de Madrid,0.733,0.1725,0.0944,0.5506,0.4293,,,,,2026-09-10T05:40:57.429141+00:00,False,,,
2026-09-13,2026-09-13T12:00:00+00:00,La Liga,RC Celta de Vigo,Málaga CF,0.7145,0.237,0.0484,0.2534,0.1497,,,,,2026-09-10T05:40:57.429141+00:00,False,,,
2026-09-13,2026-09-13T14:15:00+00:00,La Liga,Levante UD,FC Barcelona,0.1472,0.17,0.6827,0.7081,0.62,,,,,2026-09-10T05:40:57.429141+00:00,False,,,
2026-09-13,2026-09-13T16:30:00+00:00,La Liga,Getafe CF,RC Deportivo La Coruña,0.3213,0.2793,0.3994,0.4145,0.4734,,,,,2026-09-10T05:40:57.429141+00:00,False,,,
2026-09-13,2026-09-13T19:00:00+00:00,La Liga,Real Sociedad de Fútbol,Club Atlético de Madrid,0.3344,0.2482,0.4174,0.5447,0.5765,,,,,2026-09-10T05:40:57.429141+00:00,False,,,
2026-09-14,2026-09-14T19:00:00+00:00,La Liga,Villarreal CF,Real Betis Balompié,0.5356,0.217,0.2475,0.6367,0.6261,,,,,2026-09-10T05:40:57.429141+00:00,False,,,
2026-09-15,2026-09-15T17:00:00+00:00,La Liga,Rayo Vallecano de Madrid,RCD Espanyol de Barcelona,0.4582,0.2837,0.2581,0.3758,0.4303,,,,,2026-09-10T05:40:57.429141+00:00,False,,,
2026-09-15,2026-09-15T18:00:00+00:00,La Liga,Deportivo Alavés,Valencia CF,0.4935,0.2627,0.2438,0.4379,0.4738,,,,,2026-09-10T05:40:57.429141+00:00,False,,,
2026-09-15,2026-09-15T19:30:00+00:00,La Liga,Elche CF,Real Madrid CF,0.1782,0.2012,0.6206,0.6165,0.5734,,,,,2026-09-10T05:40:57.429141+00:00,False,,,
2026-09-16,2026-09-16T17:00:00+00:00,La Liga,RC Deportivo La Coruña,Sevilla FC,0.6417,0.1847,0.1736,0.6896,0.627,,,,,2026-09-10T05:40:57.429141+00:00,False,,,
2026-09-16,2026-09-16T17:00:00+00:00,La Liga,Club Atlético de Madrid,CA Osasuna,0.631,0.209,0.16,0.5478,0.5068,,,,,2026-09-10T05:40:57.429141+00:00,False,,,
2026-09-16,,La Liga,Levante UD,Athletic Club,0.3706,0.2625,0.367,0.4862,0.5327,,,,,2026-09-10T05:40:57.429141+00:00,False,,,
2026-09-16,2026-09-16T19:30:00+00:00,La Liga,FC Barcelona,Real Racing Club de Santander,0.917,0.0513,0.0318,0.9372,0.6691,,,,,2026-09-10T05:40:57.429141+00:00,False,,,
2026-09-12,2026-09-12T14:00:00+00:00,Premier League,Aston Villa,Nott'm Forest,0.4241,0.2841,0.2918,0.5011,0.5531,0.4246,0.2781,0.2974,Avg,2026-09-15T02:02:57.045985+00:00,True,1.0,2.0,A
2026-09-12,2026-09-12T14:00:00+00:00,Premier League,Bournemouth,Brentford,0.4176,0.2666,0.3158,0.5771,0.6135,0.3848,0.2634,0.3518,Avg,2026-09-15T02:02:57.045985+00:00,True,2.0,2.0,D
2026-09-12,2026-09-12T14:00:00+00:00,Premier League,Chelsea,Hull,0.2613,0.3515,0.3871,0.2801,0.3715,0.7766,0.1446,0.0788,Avg,2026-09-15T02:02:57.045985+00:00,True,2.0,2.0,D
2026-09-12,2026-09-12T14:00:00+00:00,Premier League,Crystal Palace,Ipswich,0.6045,0.222,0.1736,0.6293,0.5981,0.5117,0.2517,0.2366,Avg,2026-09-15T02:02:57.045985+00:00,True,2.0,3.0,A
2026-09-12,2026-09-12T14:00:00+00:00,Premier League,Liverpool,Fulham,0.5744,0.2393,0.1863,0.5801,0.5707,0.6566,0.195,0.1484,Avg,2026-09-15T02:02:57.045985+00:00,True,0.0,0.0,D
2026-09-12,2026-09-12T16:30:00+00:00,Premier League,Tottenham,Everton,0.3561,0.3054,0.3385,0.4338,0.506,0.467,0.2672,0.2657,Avg,2026-09-15T02:02:57.045985+00:00,True,0.0,0.0,D
2026-09-12,2026-09-12T19:00:00+00:00,Premier League,Sunderland,Arsenal,0.1385,0.284,0.5776,0.3588,0.3724,0.1278,0.2282,0.644,Avg,2026-09-15T02:02:57.045985+00:00,True,0.0,2.0,A
2026-09-13,2026-09-13T13:00:00+00:00,Premier League,Coventry,Brighton,0.0034,0.1158,0.8808,0.3941,0.0366,0.2403,0.2519,0.5078,Avg,2026-09-15T02:02:57.045985+00:00,True,0.0,5.0,A
2026-09-13,2026-09-13T15:30:00+00:00,Premier League,Man United,Man City,0.2347,0.256,0.5093,0.5705,0.5882,0.3047,0.2483,0.447,Avg,2026-09-15T02:02:57.045985+00:00,True,0.0,1.0,A
2026-09-14,2026-09-14T19:00:00+00:00,Premier League,Leeds,Newcastle,0.3601,0.2771,0.3628,0.5331,0.582,0.3942,0.2719,0.3339,Avg,2026-09-14T15:34:26.341050+00:00,False,4.0,1.0,H
2026-09-11,2026-09-11T19:00:00+00:00,La Liga,Sevilla,Valencia,0.4647,0.2663,0.269,0.4569,0.499,0.4808,0.2847,0.2344,Avg,2026-09-15T02:02:57.045985+00:00,True,1.0,0.0,H
2026-09-12,2026-09-12T12:00:00+00:00,La Liga,Santander,Alaves,0.4756,0.219,0.3055,0.688,0.6832,0.3894,0.2692,0.3414,Avg,2026-09-15T02:02:57.045985+00:00,True,2.0,1.0,H
2026-09-12,2026-09-12T14:15:00+00:00,La Liga,Osasuna,Espanol,0.4402,0.2763,0.2836,0.4276,0.48,0.4467,0.29,0.2633,Avg,2026-09-15T02:02:57.045985+00:00,True,0.0,2.0,A
2026-09-12,2026-09-12T16:30:00+00:00,La Liga,Ath Bilbao,Elche,0.5503,0.2381,0.2116,0.518,0.5225,0.6712,0.2001,0.1288,Avg,2026-09-15T02:02:57.045985+00:00,True,1.0,1.0,D
2026-09-12,2026-09-12T19:00:00+00:00,La Liga,Real Madrid,Vallecano,0.743,0.168,0.089,0.5678,0.4358,0.8454,0.1036,0.0511,Avg,2026-09-15T02:02:57.045985+00:00,True,4.0,1.0,H
2026-09-13,2026-09-13T12:00:00+00:00,La Liga,Celta,Malaga,0.6355,0.2715,0.0931,0.2616,0.2316,0.5503,0.2584,0.1913,Avg,2026-09-15T02:02:57.045985+00:00,True,1.0,1.0,D
2026-09-13,2026-09-13T14:15:00+00:00,La Liga,Levante,Barcelona,0.1409,0.1646,0.6945,0.7342,0.6376,0.0649,0.119,0.8161,Avg,2026-09-15T02:02:57.045985+00:00,True,2.0,4.0,A
2026-09-13,2026-09-13T16:30:00+00:00,La Liga,Getafe,La Coruna,0.3036,0.2863,0.4101,0.3997,0.4616,0.3891,0.3347,0.2763,Avg,2026-09-15T02:02:57.045985+00:00,True,1.0,1.0,D
2026-09-13,2026-09-13T19:00:00+00:00,La Liga,Sociedad,Ath Madrid,0.2981,0.2489,0.4531,0.544,0.5725,0.333,0.2689,0.3982,Avg,2026-09-15T02:02:57.045985+00:00,True,0.0,3.0,A
2026-09-14,2026-09-14T19:00:00+00:00,La Liga,Villarreal,Betis,0.5375,0.2168,0.2457,0.6409,0.6293,0.4962,0.2461,0.2577,Avg,2026-09-14T15:34:26.341050+00:00,False,1.0,2.0,A
2026-09-18,2026-09-18T19:00:00+00:00,Premier League,Brentford FC,Chelsea FC,0.3977,0.2575,0.3447,0.612,0.641,,,,,2026-09-17T12:28:13.452812+00:00,False,,,
2026-09-19,2026-09-19T11:30:00+00:00,Premier League,Tottenham Hotspur FC,Aston Villa FC,0.3366,0.2676,0.3958,0.5695,0.6086,,,,,2026-09-17T12:28:13.452812+00:00,False,,,
2026-09-19,2026-09-19T14:00:00+00:00,Premier League,Everton FC,Ipswich Town FC,0.657,0.2176,0.1254,0.5475,0.4926,,,,,2026-09-17T12:28:13.452812+00:00,False,,,
2026-09-19,2026-09-19T14:00:00+00:00,Premier League,Brighton & Hove Albion FC,Arsenal FC,0.1906,0.2679,0.5414,0.471,0.492,,,,,2026-09-17T12:28:13.452812+00:00,False,,,
2026-09-19,2026-09-19T14:00:00+00:00,Premier League,Newcastle United FC,Hull City AFC,0.1425,0.3992,0.4584,0.1419,0.202,,,,,2026-09-17T12:28:13.452812+00:00,False,,,
2026-09-19,2026-09-19T16:30:00+00:00,Premier League,Nottingham Forest FC,Coventry City FC,0.7379,0.2558,0.0063,0.1691,0.0223,,,,,2026-09-17T12:28:13.452812+00:00,False,,,
2026-09-20,2026-09-20T13:00:00+00:00,Premier League,AFC Bournemouth,Liverpool FC,0.3308,0.2576,0.4116,0.6088,0.6375,,,,,2026-09-17T12:28:13.452812+00:00,False,,,
2026-09-20,2026-09-20T13:00:00+00:00,Premier League,Leeds United FC,Crystal Palace FC,0.4427,0.2907,0.2666,0.4558,0.512,,,,,2026-09-17T12:28:13.452812+00:00,False,,,
2026-09-20,2026-09-20T13:00:00+00:00,Premier League,Manchester City FC,Sunderland AFC,0.652,0.2297,0.1183,0.4866,0.4406,,,,,2026-09-17T12:28:13.452812+00:00,False,,,
2026-09-20,2026-09-20T15:30:00+00:00,Premier League,Fulham FC,Manchester United FC,0.3411,0.2693,0.3895,0.5631,0.6041,,,,,2026-09-17T12:28:13.452812+00:00,False,,,
2026-09-17,2026-09-17T17:00:00+00:00,La Liga,Real Betis Balompié,Getafe CF,0.5303,0.2816,0.1881,0.3328,0.3663,,,,,2026-09-17T12:28:13.452812+00:00,False,,,
2026-09-17,2026-09-17T19:30:00+00:00,La Liga,Málaga CF,Villarreal CF,0.0666,0.2393,0.6941,0.2797,0.1994,,,,,2026-09-17T12:28:13.452812+00:00,False,,,
2026-09-18,2026-09-18T19:00:00+00:00,La Liga,RCD Espanyol de Barcelona,Elche CF,0.4724,0.2507,0.2769,0.5077,0.5377,,,,,2026-09-17T12:28:13.452812+00:00,False,,,
2026-09-19,2026-09-19T12:00:00+00:00,La Liga,CA Osasuna,Rayo Vallecano de Madrid,0.4451,0.2804,0.2745,0.3947,0.4496,,,,,2026-09-17T12:28:13.452812+00:00,False,,,
2026-09-19,2026-09-19T14:15:00+00:00,La Liga,Athletic Club,Deportivo Alavés,0.5097,0.2601,0.2302,0.4365,0.4673,,,,,2026-09-17T12:28:13.452812+00:00,False,,,
2026-09-19,2026-09-19T16:30:00+00:00,La Liga,RC Celta de Vigo,Real Racing Club de Santander,0.6015,0.1838,0.2147,0.7618,0.7102,,,,,2026-09-17T12:28:13.452812+00:00,False,,,
2026-09-19,2026-09-19T19:00:00+00:00,La Liga,Sevilla FC,FC Barcelona,0.1497,0.1773,0.6731,0.6768,0.5969,,,,,2026-09-17T12:28:13.452812+00:00,False,,,
2026-09-20,2026-09-20T12:00:00+00:00,La Liga,Getafe CF,Málaga CF,0.5612,0.3754,0.0634,0.1068,0.0956,,,,,2026-09-17T12:28:13.452812+00:00,False,,,
2026-09-20,2026-09-20T14:15:00+00:00,La Liga,Club Atlético de Madrid,Real Madrid CF,0.3416,0.248,0.4104,0.5472,0.579,,,,,2026-09-17T12:28:13.452812+00:00,False,,,
2026-09-20,2026-09-20T16:30:00+00:00,La Liga,RC Deportivo La Coruña,Real Betis Balompié,0.5166,0.2136,0.2698,0.6744,0.6625,,,,,2026-09-17T12:28:13.452812+00:00,False,,,
2026-09-20,2026-09-20T16:30:00+00:00,La Liga,Villarreal CF,Levante UD,0.6652,0.1781,0.1567,0.6882,0.6124,,,,,2026-09-17T12:28:13.452812+00:00,False,,,
2026-09-20,2026-09-20T19:00:00+00:00,La Liga,Valencia CF,Real Sociedad de Fútbol,0.4069,0.2623,0.3308,0.4823,0.5278,,,,,2026-09-17T12:28:13.452812+00:00,False,,,
2026-09-18,2026-09-18T19:00:00+00:00,Premier League,Brentford,Chelsea,0.4265,0.2524,0.3211,0.6255,0.6486,0.3617,0.2561,0.3821,Avg,2026-09-24T06:42:28.374277+00:00,True,,,
2026-09-19,2026-09-19T11:30:00+00:00,Premier League,Tottenham,Aston Villa,0.3361,0.2653,0.3985,0.5763,0.6135,0.4753,0.2635,0.2613,Avg,2026-09-24T06:42:28.374277+00:00,True,,,
2026-09-19,2026-09-19T14:00:00+00:00,Premier League,Brighton,Arsenal,0.2243,0.2758,0.4999,0.4762,0.5126,0.1974,0.2421,0.5605,Avg,2026-09-24T06:42:28.374277+00:00,True,,,
2026-09-19,2026-09-19T14:00:00+00:00,Premier League,Everton,Ipswich,0.6217,0.2339,0.1443,0.5219,0.4934,0.5353,0.2486,0.2161,Avg,2026-09-24T06:42:28.374277+00:00,True,,,
2026-09-19,2026-09-19T14:00:00+00:00,Premier League,Newcastle,Hull,0.3343,0.3175,0.3483,0.3814,0.4621,0.595,0.2207,0.1843,Avg,2026-09-24T06:42:28.374277+00:00,True,,,
2026-09-19,2026-09-19T16:30:00+00:00,Premier League,Nott'm Forest,Coventry,0.743,0.2175,0.0395,0.3093,0.1771,0.5959,0.2342,0.1699,Avg,2026-09-24T06:42:28.374277+00:00,True,,,
2026-09-20,2026-09-20T13:00:00+00:00,Premier League,Bournemouth,Liverpool,0.3195,0.2634,0.4172,0.5802,0.6148,0.3088,0.2491,0.4421,Avg,2026-09-24T06:42:28.374277+00:00,True,,,
2026-09-20,2026-09-20T13:00:00+00:00,Premier League,Leeds,Crystal Palace,0.4734,0.2857,0.2409,0.4547,0.503,0.5415,0.2486,0.2099,Avg,2026-09-24T06:42:28.374277+00:00,True,,,
2026-09-20,2026-09-20T13:00:00+00:00,Premier League,Man City,Sunderland,0.6818,0.2072,0.1109,0.5512,0.4769,0.7302,0.1694,0.1003,Avg,2026-09-24T06:42:28.374277+00:00,True,,,
2026-09-20,2026-09-20T15:30:00+00:00,Premier League,Fulham,Man United,0.3414,0.2784,0.3802,0.5245,0.5747,0.2789,0.2526,0.4685,Avg,2026-09-24T06:42:28.374277+00:00,True,,,
2026-09-18,2026-09-18T19:00:00+00:00,La Liga,Espanol,Elche,0.4544,0.2507,0.2949,0.5335,0.5638,0.5237,0.2626,0.2137,Avg,2026-09-24T06:42:28.374277+00:00,True,,,
2026-09-19,2026-09-19T12:00:00+00:00,La Liga,Osasuna,Vallecano,0.4217,0.2862,0.2921,0.3957,0.4564,0.3945,0.2901,0.3154,Avg,2026-09-24T06:42:28.374277+00:00,True,,,
2026-09-19,2026-09-19T14:15:00+00:00,La Liga,Ath Bilbao,Alaves,0.4953,0.2767,0.228,0.3918,0.4346,0.5777,0.2433,0.179,Avg,2026-09-24T06:42:28.374277+00:00,True,,,
2026-09-19,2026-09-19T16:30:00+00:00,La Liga,Celta,Santander,0.7187,0.144,0.1372,0.8285,0.7185,0.5207,0.2448,0.2345,Avg,2026-09-24T06:42:28.374277+00:00,True,,,
2026-09-19,2026-09-19T19:00:00+00:00,La Liga,Sevilla,Barcelona,0.1491,0.1784,0.6725,0.6839,0.6042,0.0792,0.1273,0.7935,Avg,2026-09-24T06:42:28.374277+00:00,True,,,
2026-09-20,2026-09-20T12:00:00+00:00,La Liga,Getafe,Malaga,0.5419,0.3502,0.1079,0.1564,0.1744,0.4621,0.308,0.2299,Avg,2026-09-24T06:42:28.374277+00:00,True,,,
2026-09-20,2026-09-20T14:15:00+00:00,La Liga,Ath Madrid,Real Madrid,0.3761,0.2497,0.3741,0.5587,0.591,0.2731,0.2465,0.4804,Avg,2026-09-24T06:42:28.374277+00:00,True,,,
2026-09-20,2026-09-20T16:30:00+00:00,La Liga,La Coruna,Betis,0.4032,0.2619,0.3349,0.5005,0.5443,0.2817,0.2665,0.4518,Avg,2026-09-24T06:42:28.374277+00:00,True,,,
2026-09-20,2026-09-20T16:30:00+00:00,La Liga,Villarreal,Levante,0.6694,0.1749,0.1557,0.7158,0.6359,0.6276,0.2033,0.1691,Avg,2026-09-24T06:42:28.374277+00:00,True,,,
2026-09-20,2026-09-20T19:00:00+00:00,La Liga,Valencia,Sociedad,0.4064,0.2644,0.3293,0.4888,0.5347,0.3492,0.2794,0.3714,Avg,2026-09-24T06:42:28.374277+00:00,True,,,
